Name,Slug,Collection ID,Locale ID,Item ID,Archived,Draft,Created On,Updated On,Published On,Link to website,Alt Text
Alva Lounge Chair,conrad-shenzen-alva-lounge-chair,68a390af9ee87dca9019da0b,66ec4fa5d4e30b5b222904a7,68a74c8fd719fa77560a980a,false,false,Thu Aug 21 2025 16:42:55 GMT+0000 (Coordinated Universal Time),Tue Sep 02 2025 19:18:54 GMT+0000 (Coordinated Universal Time),Tue Sep 02 2025 19:57:54 GMT+0000 (Coordinated Universal Time),https://us.stellarworks.com/products/alva-lounge-chair?_pos=2&_sid=7f54eec8d&_ss=r,
Alva Sofa,alva-sofa,68a390af9ee87dca9019da0b,66ec4fa5d4e30b5b222904a7,68a782c98ce747b4b57bc056,false,false,Thu Aug 21 2025 20:34:17 GMT+0000 (Coordinated Universal Time),Tue Sep 02 2025 19:10:40 GMT+0000 (Coordinated Universal Time),Tue Sep 02 2025 19:57:54 GMT+0000 (Coordinated Universal Time),https://us.stellarworks.com/products/alva-sofa?_pos=1&_psq=alva+s&_ss=e&_v=1.0,
Arc High Back Lounge Chair,arc-high-back-lounge-chair,68a390af9ee87dca9019da0b,66ec4fa5d4e30b5b222904a7,68a4d1038eb825d4123e3b86,false,false,Tue Aug 19 2025 19:31:15 GMT+0000 (Coordinated Universal Time),Tue Sep 02 2025 19:47:50 GMT+0000 (Coordinated Universal Time),Tue Sep 02 2025 19:57:54 GMT+0000 (Coordinated Universal Time),https://us.stellarworks.com/products/arc-lounge-chair-high-back?_pos=2&_psq=arc+high+back&_ss=e&_v=1.0,Arc High Back Lounge Chair
Arc Lounge Chair,arc-lounge-chair,68a390af9ee87dca9019da0b,66ec4fa5d4e30b5b222904a7,68a4d262613e4d4935430230,false,false,Tue Aug 19 2025 19:37:06 GMT+0000 (Coordinated Universal Time),Tue Sep 02 2025 19:47:00 GMT+0000 (Coordinated Universal Time),Tue Sep 02 2025 19:57:54 GMT+0000 (Coordinated Universal Time),https://us.stellarworks.com/products/arc-lounge-chair?pr_prod_strat=e5_desc&pr_rec_id=71fba4d7e&pr_rec_pid=7866340835507&pr_ref_pid=7899038810291&pr_seq=uniform,Arc Lounge Chair
Arc Sofa High Back,arc-sofa-high-back,68a390af9ee87dca9019da0b,66ec4fa5d4e30b5b222904a7,68a88654d597b7eacc9d19db,false,false,Fri Aug 22 2025 15:01:40 GMT+0000 (Coordinated Universal Time),Tue Sep 02 2025 19:00:17 GMT+0000 (Coordinated Universal Time),Tue Sep 02 2025 19:57:54 GMT+0000 (Coordinated Universal Time),https://us.stellarworks.com/products/arc-sofa-two-seater-high-back-middle?_pos=9&_sid=91afa0009&_ss=r,
Arc Sofa Three Seater,arc-sofa-three-seater,68a390af9ee87dca9019da0b,66ec4fa5d4e30b5b222904a7,68a4a410ffa8ff4a9a4896dc,false,false,Tue Aug 19 2025 16:19:28 GMT+0000 (Coordinated Universal Time),Tue Sep 02 2025 19:00:40 GMT+0000 (Coordinated Universal Time),Tue Sep 02 2025 19:57:54 GMT+0000 (Coordinated Universal Time),https://us.stellarworks.com/collections/arc/products/arc-sofa-three-seater,Arc Sofa Three Seater
Arc Sofa Two-Seater,arc-sofa-loveseat,68a390af9ee87dca9019da0b,66ec4fa5d4e30b5b222904a7,68a5fec2f28f469b618330c9,false,false,Wed Aug 20 2025 16:58:42 GMT+0000 (Coordinated Universal Time),Tue Sep 02 2025 19:00:25 GMT+0000 (Coordinated Universal Time),Tue Sep 02 2025 19:57:54 GMT+0000 (Coordinated Universal Time),https://us.stellarworks.com/collections/arc/products/arc-sofa-two-seater,Arc Sofa Two Seater
Aya Dining Armchair,aya-dining-armchair,68a390af9ee87dca9019da0b,66ec4fa5d4e30b5b222904a7,68a5f665295ff0c4dcf87168,false,false,Wed Aug 20 2025 16:23:01 GMT+0000 (Coordinated Universal Time),Tue Sep 02 2025 19:44:59 GMT+0000 (Coordinated Universal Time),Tue Sep 02 2025 19:57:54 GMT+0000 (Coordinated Universal Time),https://us.stellarworks.com/collections/aya/products/aya-dining-armchair,Aya Dining Armchairs set at Aya Dining Table in Noma Kyoto
Aya Dining Table,aya-dining-table,68a390af9ee87dca9019da0b,66ec4fa5d4e30b5b222904a7,68a5f6b30d72a5361b05101f,false,false,Wed Aug 20 2025 16:24:19 GMT+0000 (Coordinated Universal Time),Thu Sep 04 2025 19:33:23 GMT+0000 (Coordinated Universal Time),Thu Sep 04 2025 19:33:23 GMT+0000 (Coordinated Universal Time),https://us.stellarworks.com/collections/aya/products/aya-dining-table-w1800,Aya Dining Table in Noma Kyoto
Blink Bar Stool,conrad-shenzen-blink-bar-stool,68a390af9ee87dca9019da0b,66ec4fa5d4e30b5b222904a7,68a74b36c008135ca8a5105e,false,false,Thu Aug 21 2025 16:37:10 GMT+0000 (Coordinated Universal Time),Tue Sep 02 2025 19:20:36 GMT+0000 (Coordinated Universal Time),Tue Sep 02 2025 19:57:54 GMT+0000 (Coordinated Universal Time),https://us.stellarworks.com/products/blink-bar-stool?_pos=2&_psq=blink&_ss=e&_v=1.0,
Blink Counter Chair SH610,blink-counter-chair-sh610,68a390af9ee87dca9019da0b,66ec4fa5d4e30b5b222904a7,68a4cfb27c5bf75bfabfe2b6,false,false,Tue Aug 19 2025 19:25:38 GMT+0000 (Coordinated Universal Time),Tue Sep 02 2025 19:22:33 GMT+0000 (Coordinated Universal Time),Tue Sep 02 2025 19:57:54 GMT+0000 (Coordinated Universal Time),https://us.stellarworks.com/products/blink-counter-stool?_pos=1&_psq=blink+counter&_ss=e&_v=1.0,Blink Counter Chair
Blink Dining Chair,blink-dining-chair,68a390af9ee87dca9019da0b,66ec4fa5d4e30b5b222904a7,68a4c55d53fc4dc7a359d4f6,false,false,Tue Aug 19 2025 18:41:33 GMT+0000 (Coordinated Universal Time),Tue Sep 02 2025 19:54:08 GMT+0000 (Coordinated Universal Time),Tue Sep 02 2025 19:57:54 GMT+0000 (Coordinated Universal Time),,Blink Dining Chair in AC Hotel
Blink Lounge Chair,blink-lounge-chair,68a390af9ee87dca9019da0b,66ec4fa5d4e30b5b222904a7,68a4d5ceee9940770e1dcad9,false,false,Tue Aug 19 2025 19:51:42 GMT+0000 (Coordinated Universal Time),Tue Sep 02 2025 19:21:50 GMT+0000 (Coordinated Universal Time),Tue Sep 02 2025 19:57:54 GMT+0000 (Coordinated Universal Time),https://us.stellarworks.com/products/blink-lounge-chair?_pos=1&_psq=blink+lounge+chair&_ss=e&_v=1.0,Blink Lounge Chair
Boyd Bar Chair,boyd-bar-chair,68a390af9ee87dca9019da0b,66ec4fa5d4e30b5b222904a7,68a87bca1a3f00dabd6dc9c2,false,false,Fri Aug 22 2025 14:16:42 GMT+0000 (Coordinated Universal Time),Tue Sep 02 2025 19:08:53 GMT+0000 (Coordinated Universal Time),Tue Sep 02 2025 19:57:54 GMT+0000 (Coordinated Universal Time),https://us.stellarworks.com/products/boyd-bar-chair-sh760?_pos=1&_psq=boyd&_ss=e&_v=1.0,Boyd Bar Chair
Boyd Dining Table ,boyd-dining-table,68a390af9ee87dca9019da0b,66ec4fa5d4e30b5b222904a7,68a5fe3ffb474147b735fac7,false,false,Wed Aug 20 2025 16:56:31 GMT+0000 (Coordinated Universal Time),Tue Sep 02 2025 19:40:33 GMT+0000 (Coordinated Universal Time),Tue Sep 02 2025 19:57:54 GMT+0000 (Coordinated Universal Time),https://us.stellarworks.com/collections/boyd/products/boyd-dining-table-round,Boyd Dining Table in Nuri Steakhouse
Bund Bar Chair,bund-bar-chair,68a390af9ee87dca9019da0b,66ec4fa5d4e30b5b222904a7,68a88564fc16142729a2b90c,false,false,Fri Aug 22 2025 14:57:40 GMT+0000 (Coordinated Universal Time),Tue Sep 02 2025 19:00:56 GMT+0000 (Coordinated Universal Time),Tue Sep 02 2025 19:57:54 GMT+0000 (Coordinated Universal Time),https://us.stellarworks.com/products/bund-bar-chair?_pos=3&_psq=bundn+b&_ss=e&_v=1.0,
Bund Lounge Chair,bund-lounge-chair,68a390af9ee87dca9019da0b,66ec4fa5d4e30b5b222904a7,68b891c04fca1911faa7175d,false,false,Wed Sep 03 2025 19:06:40 GMT+0000 (Coordinated Universal Time),Wed Sep 03 2025 19:06:55 GMT+0000 (Coordinated Universal Time),Wed Sep 03 2025 19:36:16 GMT+0000 (Coordinated Universal Time),https://us.stellarworks.com/products/bund-lounge-chair?_pos=1&_psq=bund+lo&_ss=e&_v=1.0,
Chillax Lounge Chair,chillax-lounge-chair,68a390af9ee87dca9019da0b,66ec4fa5d4e30b5b222904a7,68b847ffb10bebe1a35dc9eb,false,false,Wed Sep 03 2025 13:51:59 GMT+0000 (Coordinated Universal Time),Wed Sep 03 2025 13:52:33 GMT+0000 (Coordinated Universal Time),Wed Sep 03 2025 19:36:16 GMT+0000 (Coordinated Universal Time),https://us.stellarworks.com/collections/qt-chillax/products/chillax-lounge-chair,
Discipline Sofa,discipline-sofa,68a390af9ee87dca9019da0b,66ec4fa5d4e30b5b222904a7,68b8983c201a6fb118817fee,false,false,Wed Sep 03 2025 19:34:20 GMT+0000 (Coordinated Universal Time),Wed Sep 03 2025 19:36:02 GMT+0000 (Coordinated Universal Time),Wed Sep 03 2025 19:36:16 GMT+0000 (Coordinated Universal Time),https://us.stellarworks.com/collections/discipline?_pos=1&_psq=discipline&_ss=e&_v=1.0,
Dowry Shelf,dowry-shelf,68a390af9ee87dca9019da0b,66ec4fa5d4e30b5b222904a7,68a7386df9f6a6584d787acd,false,false,Thu Aug 21 2025 15:17:01 GMT+0000 (Coordinated Universal Time),Tue Sep 02 2025 19:24:06 GMT+0000 (Coordinated Universal Time),Tue Sep 02 2025 19:57:54 GMT+0000 (Coordinated Universal Time),https://us.stellarworks.com/products/dowry-cabinet-i?_pos=1&_sid=69589571d&_ss=r,
Exchange Bar Chair,exchange-bar-chair,68a390af9ee87dca9019da0b,66ec4fa5d4e30b5b222904a7,68a8817d63a311295e9980f5,false,false,Fri Aug 22 2025 14:41:01 GMT+0000 (Coordinated Universal Time),Tue Sep 02 2025 19:03:42 GMT+0000 (Coordinated Universal Time),Tue Sep 02 2025 19:57:54 GMT+0000 (Coordinated Universal Time),https://us.stellarworks.com/collections/exchange/products/exchange-bar-chair,Exchange Bar Chair
Exchange Dining Chair,exchange-dining-chair,68a390af9ee87dca9019da0b,66ec4fa5d4e30b5b222904a7,68a88c905e635b387bedb842,false,false,Fri Aug 22 2025 15:28:16 GMT+0000 (Coordinated Universal Time),Tue Sep 02 2025 18:54:57 GMT+0000 (Coordinated Universal Time),Tue Sep 02 2025 19:57:54 GMT+0000 (Coordinated Universal Time),https://us.stellarworks.com/products/exchange-dining-chair?_pos=1&_psq=exchange&_ss=e&_v=1.0,Exchange Dining Chair in L'Amico Restaurant
Exchange Lounge Chair,exchange-lounge-chair,68a390af9ee87dca9019da0b,66ec4fa5d4e30b5b222904a7,68a881bfeb39739a00c3da6b,false,false,Fri Aug 22 2025 14:42:07 GMT+0000 (Coordinated Universal Time),Tue Sep 02 2025 19:02:44 GMT+0000 (Coordinated Universal Time),Tue Sep 02 2025 19:57:54 GMT+0000 (Coordinated Universal Time),https://us.stellarworks.com/collections/exchange/products/exchange-lounge-chair, Exchange Lounge Chair
Freja Bar Stool,freja-bar-stool,68a390af9ee87dca9019da0b,66ec4fa5d4e30b5b222904a7,68a73787e46aff98e7ca5734,false,false,Thu Aug 21 2025 15:13:11 GMT+0000 (Coordinated Universal Time),Tue Sep 02 2025 19:25:09 GMT+0000 (Coordinated Universal Time),Tue Sep 02 2025 19:57:54 GMT+0000 (Coordinated Universal Time),https://us.stellarworks.com/products/freja-bar-stool-leather?variant=44873024143539,Freja Bar Stool
James Folding Stool,james-stool,68a390af9ee87dca9019da0b,66ec4fa5d4e30b5b222904a7,68a74cd9228e7c5628cf3e9e,false,false,Thu Aug 21 2025 16:44:09 GMT+0000 (Coordinated Universal Time),Tue Sep 02 2025 19:17:52 GMT+0000 (Coordinated Universal Time),Tue Sep 02 2025 19:57:54 GMT+0000 (Coordinated Universal Time),https://us.stellarworks.com/products/james-folding-stool?_pos=2&_psq=james&_ss=e&_v=1.0,
Lenox Dining Table,singlethread-lenox-dining-table,68a390af9ee87dca9019da0b,66ec4fa5d4e30b5b222904a7,68a4aa3b7323be9e94a34b82,false,false,Tue Aug 19 2025 16:45:47 GMT+0000 (Coordinated Universal Time),Tue Sep 02 2025 19:56:51 GMT+0000 (Coordinated Universal Time),Tue Sep 02 2025 19:57:54 GMT+0000 (Coordinated Universal Time),https://us.stellarworks.com/collections/lenox/products/lenox-dining-table,SingleThread Lenox Dining Table
Lunar Bar Chair,lunar-bar-chair,68a390af9ee87dca9019da0b,66ec4fa5d4e30b5b222904a7,68a75317bdd2448e14d220a9,false,false,Thu Aug 21 2025 17:10:47 GMT+0000 (Coordinated Universal Time),Tue Sep 02 2025 19:15:50 GMT+0000 (Coordinated Universal Time),Tue Sep 02 2025 19:57:54 GMT+0000 (Coordinated Universal Time),https://us.stellarworks.com/products/lunar-bar-chair?_pos=1&_psq=lunar&_ss=e&_v=1.0,
Lunar Collection,lunar-collection,68a390af9ee87dca9019da0b,66ec4fa5d4e30b5b222904a7,68a87f1219cec6d349fe73fd,false,false,Fri Aug 22 2025 14:30:42 GMT+0000 (Coordinated Universal Time),Tue Sep 02 2025 19:11:14 GMT+0000 (Coordinated Universal Time),Tue Sep 02 2025 19:57:54 GMT+0000 (Coordinated Universal Time),https://us.stellarworks.com/collections/lunar,
Lunar Dining Chair,lunar-dining-chair,68a390af9ee87dca9019da0b,66ec4fa5d4e30b5b222904a7,68a735c2751b98958449fa1b,false,false,Thu Aug 21 2025 15:05:38 GMT+0000 (Coordinated Universal Time),Tue Sep 02 2025 19:26:02 GMT+0000 (Coordinated Universal Time),Tue Sep 02 2025 19:57:54 GMT+0000 (Coordinated Universal Time),https://us.stellarworks.com/collections/lunar?_pos=1&_psq=lunar&_ss=e&_v=1.0,Lunar Dining Chair
QT Chair,qt-chair,68a390af9ee87dca9019da0b,66ec4fa5d4e30b5b222904a7,68a7651c8352166f4f8ac2b9,false,false,Thu Aug 21 2025 18:27:40 GMT+0000 (Coordinated Universal Time),Tue Sep 02 2025 19:13:08 GMT+0000 (Coordinated Universal Time),Tue Sep 02 2025 19:57:54 GMT+0000 (Coordinated Universal Time),https://us.stellarworks.com/products/qt-lounge-chair?_pos=1&_psq=qt&_ss=e&_v=1.0,
Ren Bench,ren-bench,68a390af9ee87dca9019da0b,66ec4fa5d4e30b5b222904a7,68a8832422d4c5e0f4a1b894,false,false,Fri Aug 22 2025 14:48:04 GMT+0000 (Coordinated Universal Time),Tue Sep 02 2025 19:01:14 GMT+0000 (Coordinated Universal Time),Tue Sep 02 2025 19:57:54 GMT+0000 (Coordinated Universal Time),https://us.stellarworks.com/products/ren-bench?_pos=3&_sid=83f3c1bea&_ss=r,
Ren Dining Armchair,ren-dining-armchair,68a390af9ee87dca9019da0b,66ec4fa5d4e30b5b222904a7,68a4d014c4ff253b3c53171e,false,false,Tue Aug 19 2025 19:27:16 GMT+0000 (Coordinated Universal Time),Tue Sep 02 2025 19:13:37 GMT+0000 (Coordinated Universal Time),Tue Sep 02 2025 19:57:54 GMT+0000 (Coordinated Universal Time),https://us.stellarworks.com/products/ren-dining-armchair?_pos=1&_psq=ren+dining+armchait&_ss=e&_v=1.0,Ren Dining Armchair
Ren Dining Chair,no-image-ren-dining-chair,68a390af9ee87dca9019da0b,66ec4fa5d4e30b5b222904a7,68a7636de69516da274774b8,false,false,Thu Aug 21 2025 18:20:29 GMT+0000 (Coordinated Universal Time),Tue Sep 02 2025 19:13:28 GMT+0000 (Coordinated Universal Time),Tue Sep 02 2025 19:57:54 GMT+0000 (Coordinated Universal Time),https://us.stellarworks.com/products/ren-dining-chair?_pos=1&_psq=ren+d&_ss=e&_v=1.0,
Ren Lounge Chair,ren-lounge-chair,68a390af9ee87dca9019da0b,66ec4fa5d4e30b5b222904a7,68a77f1a5a42cbfcacd643f0,false,false,Thu Aug 21 2025 20:18:34 GMT+0000 (Coordinated Universal Time),Tue Sep 02 2025 19:01:39 GMT+0000 (Coordinated Universal Time),Tue Sep 02 2025 19:57:54 GMT+0000 (Coordinated Universal Time),https://us.stellarworks.com/products/ren-lounge-chair-large?_pos=2&_psq=ren+lounge&_ss=e&_v=1.0,
Ren Lounge Chair Two Seater,ren-lounge-chair-two-seater,68a390af9ee87dca9019da0b,66ec4fa5d4e30b5b222904a7,68c1b7183198c70a2fa0d1a3,false,false,Wed Sep 10 2025 17:36:24 GMT+0000 (Coordinated Universal Time),Wed Sep 10 2025 17:36:27 GMT+0000 (Coordinated Universal Time),Wed Sep 10 2025 17:38:06 GMT+0000 (Coordinated Universal Time),https://us.stellarworks.com/products/ren-bench?_pos=1&_psq=ren+lo&_ss=e&_v=1.0,
Sloane Dining Armchair,sloane-dining-armchair,68a390af9ee87dca9019da0b,66ec4fa5d4e30b5b222904a7,68a87ce4b0a3c556b7f5a37d,false,false,Fri Aug 22 2025 14:21:24 GMT+0000 (Coordinated Universal Time),Tue Sep 02 2025 19:06:35 GMT+0000 (Coordinated Universal Time),Tue Sep 02 2025 19:57:54 GMT+0000 (Coordinated Universal Time),https://us.stellarworks.com/collections/sloane/products/sloane-dining-armchair,
Slow Dining Armchair,slow-dining-armchair,68a390af9ee87dca9019da0b,66ec4fa5d4e30b5b222904a7,68a5f56e7f95bb8729fd825a,false,false,Wed Aug 20 2025 16:18:54 GMT+0000 (Coordinated Universal Time),Tue Sep 02 2025 19:05:17 GMT+0000 (Coordinated Universal Time),Tue Sep 02 2025 19:57:54 GMT+0000 (Coordinated Universal Time),https://us.stellarworks.com/collections/slow/products/slow-dining-chair,Slow Dining Armchair in Noma Kyoto
Slow Dining Chair,slow-dining-chair,68a390af9ee87dca9019da0b,66ec4fa5d4e30b5b222904a7,68a87ff5014bac6dacd5f604,false,false,Fri Aug 22 2025 14:34:29 GMT+0000 (Coordinated Universal Time),Tue Sep 02 2025 19:05:01 GMT+0000 (Coordinated Universal Time),Tue Sep 02 2025 19:57:54 GMT+0000 (Coordinated Universal Time),https://us.stellarworks.com/products/slow-dining-chair?_pos=1&_psq=slow+d&_ss=e&_v=1.0,
Taylor Bar Chair,taylor-bar-chair,68a390af9ee87dca9019da0b,66ec4fa5d4e30b5b222904a7,68a4be7293778d242179915a,false,false,Tue Aug 19 2025 18:12:02 GMT+0000 (Coordinated Universal Time),Tue Sep 02 2025 19:54:42 GMT+0000 (Coordinated Universal Time),Tue Sep 02 2025 19:57:54 GMT+0000 (Coordinated Universal Time),https://us.stellarworks.com/collections/taylor/products/taylor-bar-chair,Taylor Bar Chair in AC Hotel
Taylor Collection,taylor-collection,68a390af9ee87dca9019da0b,66ec4fa5d4e30b5b222904a7,68a7309070289859c55bf9e2,false,false,Thu Aug 21 2025 14:43:28 GMT+0000 (Coordinated Universal Time),Tue Sep 02 2025 19:27:38 GMT+0000 (Coordinated Universal Time),Tue Sep 02 2025 19:57:54 GMT+0000 (Coordinated Universal Time),https://us.stellarworks.com/collections/taylor,Taylor Collection
Taylor Dining Chair,taylor-dining-chair,68a390af9ee87dca9019da0b,66ec4fa5d4e30b5b222904a7,68a5ee0d800836186df2b469,false,false,Wed Aug 20 2025 15:47:25 GMT+0000 (Coordinated Universal Time),Tue Sep 02 2025 19:45:25 GMT+0000 (Coordinated Universal Time),Tue Sep 02 2025 19:57:54 GMT+0000 (Coordinated Universal Time),https://us.stellarworks.com/collections/taylor/products/taylor-dining-chair,COL Taylor Dining Chair in the Moxy DTLA
Taylor Sofa,taylor-sofa,68a390af9ee87dca9019da0b,66ec4fa5d4e30b5b222904a7,68a4d4cbb9b490bd72bd3379,false,false,Tue Aug 19 2025 19:47:23 GMT+0000 (Coordinated Universal Time),Tue Sep 02 2025 19:20:19 GMT+0000 (Coordinated Universal Time),Tue Sep 02 2025 19:57:54 GMT+0000 (Coordinated Universal Time),https://us.stellarworks.com/products/taylor-sofa-left-right?_pos=2&_sid=f73478143&_ss=r,Taylor Sofa
Taylor Sofa One-Seater,taylor-sofa-one-seater,68a390af9ee87dca9019da0b,66ec4fa5d4e30b5b222904a7,68a74c423bbcba1d48f86647,false,false,Thu Aug 21 2025 16:41:38 GMT+0000 (Coordinated Universal Time),Tue Sep 02 2025 19:20:11 GMT+0000 (Coordinated Universal Time),Tue Sep 02 2025 19:57:54 GMT+0000 (Coordinated Universal Time),https://us.stellarworks.com/products/taylor-sofa-one-seater?_pos=2&_sid=bccec4ce5&_ss=r,
Utility Bar Chair,utility-bar-chair,68a390af9ee87dca9019da0b,66ec4fa5d4e30b5b222904a7,68a747289d6f881cc2fd386b,false,false,Thu Aug 21 2025 16:19:52 GMT+0000 (Coordinated Universal Time),Tue Sep 02 2025 18:57:47 GMT+0000 (Coordinated Universal Time),Tue Sep 02 2025 19:57:54 GMT+0000 (Coordinated Universal Time),https://us.stellarworks.com/products/utility-bar-chair?_pos=1&_psq=utility+bar+c&_ss=e&_v=1.0,
Utility Dining Armchair U,utility-dining-armchair-u,68a390af9ee87dca9019da0b,66ec4fa5d4e30b5b222904a7,68c97433d72aef67f5f90cd5,false,false,Tue Sep 16 2025 14:29:07 GMT+0000 (Coordinated Universal Time),Tue Sep 16 2025 14:29:50 GMT+0000 (Coordinated Universal Time),Tue Sep 16 2025 14:29:50 GMT+0000 (Coordinated Universal Time),https://us.stellarworks.com/products/utility-dining-arm-chair-upholstered?_pos=1&_psq=utility+dining+a&_ss=e&_v=1.0,
Utility Dining Chair,utility-dining-chair,68a390af9ee87dca9019da0b,66ec4fa5d4e30b5b222904a7,68a7476707b1a07cf609d2fd,false,false,Thu Aug 21 2025 16:20:55 GMT+0000 (Coordinated Universal Time),Tue Sep 02 2025 19:20:55 GMT+0000 (Coordinated Universal Time),Tue Sep 02 2025 19:57:54 GMT+0000 (Coordinated Universal Time),https://us.stellarworks.com/products/utility-dining-chair-upholstered?pr_prod_strat=e5_desc&pr_rec_id=a5fb2eccd&pr_rec_pid=6087418609843&pr_ref_pid=6117578801331&pr_seq=uniform,
Valet Club Chair,valet-club-chair,68a390af9ee87dca9019da0b,66ec4fa5d4e30b5b222904a7,68a4d41151482e6a6e0fb292,false,false,Tue Aug 19 2025 19:44:17 GMT+0000 (Coordinated Universal Time),Tue Sep 02 2025 19:46:37 GMT+0000 (Coordinated Universal Time),Tue Sep 02 2025 19:57:54 GMT+0000 (Coordinated Universal Time),https://us.stellarworks.com/products/valet-club-chair?_pos=1&_psq=valet+cl&_ss=e&_v=1.0,Valet Club Chair
Wohlert Collection,wohlert-collection,68a390af9ee87dca9019da0b,66ec4fa5d4e30b5b222904a7,68a890a9bbed72818d3786c2,false,false,Fri Aug 22 2025 15:45:45 GMT+0000 (Coordinated Universal Time),Thu Sep 04 2025 19:25:36 GMT+0000 (Coordinated Universal Time),Thu Sep 04 2025 19:40:24 GMT+0000 (Coordinated Universal Time),https://us.stellarworks.com/collections/wohlert?_pos=1&_psq=wohlert&_ss=e&_v=1.0,
